Gau map,Phu Tho
Alva,Quang Nam
Lion,Phu Yen
Scott,Kien Giang
Tuna,Hoa Binh
Harry Potter,TP Ho Chi Minh
Pumbaa,TP Ho Chi Minh
Thanh Long,Ha Noi
Linda,Ha Noi
Kevin,TP Ho Chi Minh
Canon,TP Ho Chi Minh
Hanah,Can Tho
Soc nho,Bac Lieu
Sumo,Ha Giang
Eva,Kien Giang
Meo con,TP Ho Chi Minh
Green,Ha Noi
Soc nho,TP Ho Chi Minh
Tieu muoi,Yen Bai
Diana,Ba Ria-Vung Tau
Frank,Binh Thuan
Jerry,Ha Tinh
Timo,Phu Yen
Tom,TP Ho Chi Minh
Ka ka,Hai Duong
Linda,Nam Dinh
Kevin,Da Nang
Canon,TP Ho Chi Minh
Hanah,Ha Noi
Soc nho,Other
Gary,TP Ho Chi Minh
Akila,Ha Noi
Cun con,Ninh Binh
Panda,Kon Tum
Lisa,TP Ho Chi Minh
Hero,Ha Noi
Helen,Other
Gooogle,TP Ho Chi Minh
Justin,Nghe An
John,Ha Nam
Su tu,Dong Nai
Lo lem,TP Ho Chi Minh
Sony,TP Ho Chi Minh
Bach tuyet,Ha Noi
Chu lun,Long An
Nobita,TP Ho Chi Minh
Soc nho,Ha Noi
Red,Tay Ninh
Yellow,Other
Dollar,Other
Viet,Vinh Long
Mitchell,TP Ho Chi Minh
Linda,TP Ho Chi Minh
Kevin,Hau Giang
Canon,TP Ho Chi Minh
Hanah,Ha Noi
Soc nho,Quang Binh
Randy,Long An
Khung long,Dak Lak
Mickey,TP Ho Chi Minh
Victor,Ha Noi
Voi con,Other
Coca,Bac Giang
Mona,Dong Nai
Pepsi,Lam Dong
Be heo,Binh Phuoc
Wade,Soc Trang
Morgan,Tien Giang
Su su,TP Ho Chi Minh
Dumbo,Other
Debbie,Ha Noi
Banh bao,Ha Noi
Andy,Thua Thien-Hue
Mona,TP Ho Chi Minh
Lavie,TP Ho Chi Minh
Oscar,TP Ho Chi Minh
Hat tieu,Thanh Hoa
Cox,Dong Nai
Don,TP Ho Chi Minh
Cali,TP Ho Chi Minh
Tina,Dien Bien
Tammy,TP Ho Chi Minh
Phi hanh gia,Ha Noi
Nicholas,TP Ho Chi Minh
Tung nui,TP Ho Chi Minh
Cong chua,TP Ho Chi Minh
Princess,TP Ho Chi Minh
Soya,Thai Binh
Boy dep trai,TP Ho Chi Minh
Tuna,Ha Tinh
Kitten,TP Ho Chi Minh
Natasha,Other
Hoang tu,TP Ho Chi Minh
Soc iu,TP Ho Chi Minh
Kelly,TP Ho Chi Minh
Marvin,Bac Kan
Thien than,Ha Noi
Dustin,TP Ho Chi Minh
Gau meo,Ha Noi
Cat,TP Ho Chi Minh
Carl,TP Ho Chi Minh
Ahihi,TP Ho Chi Minh
Erick,TP Ho Chi Minh
Phil,Thai Nguyen
Ga me,TP Ho Chi Minh
Chom chom,TP Ho Chi Minh
Shin,TP Ho Chi Minh
Beach,TP Ho Chi Minh
Tammy,Ha Noi
Phi hanh gia,Other
Nicholas,Da Nang
Sushi,Binh Phuoc
Jerry,Ha Noi
Naruto,Ha Noi
Gau Pooh,Ninh Binh
Bi em,TP Ho Chi Minh
Nemo,Ha Noi
Anna,Ha Noi
Cherry,TP Ho Chi Minh
Brute,Hai Duong
Hat tieu,Nam Dinh
Kem,Da Nang
Vodka,TP Ho Chi Minh
Vit Donald,Ha Noi
Jaian,Other
Xuka,TP Ho Chi Minh
Son Tung,Ha Noi
Kathy,Ninh Binh
Thomas,Kon Tum
Nelson,TP Ho Chi Minh
Khoai lang,TP Ho Chi Minh
Tiger,Ha Noi
Lavie,Other
Oscar,Da Nang
Hat tieu,Binh Phuoc
Cox,Ninh Binh
Don,Kon Tum
Cali,TP Ho Chi Minh
Tina,TP Ho Chi Minh
Tung nui,Thai Nguyen
Cong chua,TP Ho Chi Minh
Princess,TP Ho Chi Minh
Soya,TP Ho Chi Minh